# MMKeypad native-IDF partition table (16MB), dual-OTA.
# NVS stays at 0x9000 (settings persist across the factory->OTA switch). The
# `model` region is reserved for esp-sr (AEC / wake-word) models in the audio phase.
# Name,     Type, SubType,  Offset,    Size,    Flags
nvs,        data, nvs,      0x9000,    0x6000,
otadata,    data, ota,      0xf000,    0x2000,
phy_init,   data, phy,      0x11000,   0x1000,
ota_0,      app,  ota_0,    0x20000,   0x400000,
ota_1,      app,  ota_1,    0x420000,  0x400000,
model,      data, spiffs,   0x820000,  0x300000,
storage,    data, littlefs, 0xb20000,  0x100000,
